{

    "metadata" :
    {
        "formatVersion" : 3.1,
        "sourceFile"    : "car.obj",
        "generatedBy"   : "OBJConverter",
        "vertices"      : 132,
        "faces"         : 252,
        "normals"       : 109,
        "colors"        : 0,
        "uvs"           : 0,
        "materials"     : 3
    },

    "scale" : 1.000000,

    "materials": [	{
	"DbgColor" : 15658734,
	"DbgIndex" : 0,
	"DbgName" : "Material.001",
	"colorAmbient" : [0.0, 0.0, 0.0],
	"colorDiffuse" : [0.0, 0.0, 0.0],
	"colorSpecular" : [0.5, 0.5, 0.5],
	"illumination" : 2,
	"opticalDensity" : 1.0,
	"specularCoef" : 96.078431,
	"transparency" : 1.0
	},

	{
	"DbgColor" : 15597568,
	"DbgIndex" : 1,
	"DbgName" : "Material",
	"colorAmbient" : [0.0, 0.0, 0.0],
	"colorDiffuse" : [0.000731, 0.0, 0.64],
	"colorSpecular" : [0.295856, 0.207122, 0.5],
	"illumination" : 2,
	"opticalDensity" : 1.0,
	"specularCoef" : 96.078431,
	"transparency" : 1.0
	},

	{
	"DbgColor" : 60928,
	"DbgIndex" : 2,
	"DbgName" : "Material.002",
	"colorAmbient" : [0.0, 0.0, 0.0],
	"colorDiffuse" : [0.0, 0.0, 0.0],
	"colorSpecular" : [0.5, 0.5, 0.5],
	"illumination" : 2,
	"opticalDensity" : 1.0,
	"specularCoef" : 96.078431,
	"transparency" : 1.0
	}],

    "vertices": [1.100000,0.400001,-0.811469,1.100000,0.399999,0.811469,1.200000,0.373206,-0.811469,1.200000,0.373205,0.811469,1.273205,0.300001,-0.811469,1.273205,0.299999,0.811469,1.300000,0.200001,-0.811469,1.300000,0.199999,0.811469,1.273205,0.100001,-0.811469,1.273205,0.099999,0.811469,1.200000,0.026795,-0.811469,1.200000,0.026794,0.811469,1.100000,0.000001,-0.811469,1.100000,-0.000001,0.811469,1.000000,0.026795,-0.811469,1.000000,0.026794,0.811469,0.926795,0.100000,-0.811469,0.926795,0.099999,0.811469,0.900000,0.200000,-0.811469,0.900000,0.199999,0.811469,0.926795,0.300000,-0.811469,0.926795,0.299999,0.811469,1.000000,0.373206,-0.811469,1.000000,0.373204,0.811469,-1.200000,0.400001,-0.811469,-1.200000,0.399999,0.811469,-1.100000,0.373206,-0.811469,-1.100000,0.373205,0.811469,-1.026795,0.300001,-0.811469,-1.026795,0.299999,0.811469,-1.000000,0.200001,-0.811469,-1.000000,0.199999,0.811469,-1.026795,0.100001,-0.811469,-1.026795,0.099999,0.811469,-1.100000,0.026795,-0.811469,-1.100000,0.026794,0.811469,-1.200000,0.000001,-0.811469,-1.200000,-0.000001,0.811469,-1.300000,0.026795,-0.811469,-1.300000,0.026794,0.811469,-1.373205,0.100000,-0.811469,-1.373205,0.099999,0.811469,-1.400000,0.200000,-0.811469,-1.400000,0.199999,0.811469,-1.373205,0.300000,-0.811469,-1.373205,0.299999,0.811469,-1.300000,0.373206,-0.811469,-1.300000,0.373204,0.811469,1.655570,0.200000,-0.732483,0.225231,0.200000,-0.732483,0.225231,0.800000,-0.732483,1.655570,0.200000,0.737091,0.225231,0.200000,0.737091,0.225231,0.800000,0.737091,-0.000000,1.300000,0.531257,0.092720,1.094166,0.737091,0.007058,1.284332,0.610026,0.027157,1.239713,0.676803,0.057238,1.172935,0.721423,0.091865,1.096064,-0.732483,-0.000000,1.300000,-0.528547,0.056710,1.174107,-0.716959,0.026907,1.240269,-0.672751,0.006993,1.284476,-0.606590,-1.900000,0.200000,-0.573837,-1.741355,0.200000,-0.732483,-1.878745,0.200000,-0.653160,-1.820677,0.200000,-0.711228,-1.741355,0.776490,-0.732483,-1.900000,0.800000,-0.573837,-1.820053,0.788153,-0.711228,-1.878121,0.796758,-0.653160,-1.741355,0.200000,0.737091,-1.900000,0.200000,0.578446,-1.820677,0.200000,0.715837,-1.878745,0.200000,0.657768,-1.900000,0.800000,0.578446,-1.741355,0.776490,0.737091,-1.878121,0.796758,0.657768,-1.820053,0.788153,0.715836,-1.645231,1.094166,0.737091,-1.815197,1.079844,0.578446,-1.726126,1.100493,0.714773,-1.788338,1.095250,0.656705,-1.589709,1.300000,0.531257,-1.794490,1.148173,0.514944,-1.675296,1.279536,0.528198,-1.750252,1.223963,0.522227,-1.622580,1.172935,0.721423,-1.804302,1.115795,0.571294,-1.705085,1.171938,0.697537,-1.771600,1.151023,0.642586,-1.604809,1.239713,0.676803,-1.799240,1.132498,0.560134,-1.689051,1.228918,0.656361,-1.760218,1.189674,0.613657,-1.593481,1.284332,0.610026,-1.796355,1.142018,0.545886,-1.678992,1.265730,0.598091,-1.753249,1.213640,0.574614,-1.589709,1.300000,-0.528547,-1.794490,1.148173,-0.512234,-1.675296,1.279536,-0.525488,-1.750252,1.223963,-0.519517,-1.644656,1.096064,-0.732483,-1.814622,1.081741,-0.573837,-1.725551,1.102391,-0.710165,-1.787763,1.097148,-0.652097,-1.593437,1.284476,-0.606590,-1.796312,1.142163,-0.542450,-1.678948,1.265875,-0.594655,-1.753205,1.213784,-0.571178,-1.604640,1.240269,-0.672751,-1.799072,1.133054,-0.556082,-1.688882,1.229474,-0.652309,-1.760049,1.190230,-0.609605,-1.622225,1.174107,-0.716959,-1.803947,1.116967,-0.566831,-1.704731,1.173109,-0.693073,-1.771245,1.152195,-0.638123,1.223368,0.749793,-0.732483,1.642864,0.345482,-0.732483,1.344257,0.724957,-0.732483,1.456602,0.664874,-0.732483,1.549408,0.575428,-0.732483,1.613589,0.465373,-0.732483,1.642864,0.345482,0.737091,1.223368,0.749793,0.737091,1.613589,0.465373,0.737091,1.549408,0.575428,0.737091,1.456602,0.664875,0.737091,1.344257,0.724957,0.737091],

    "morphTargets": [],

    "morphColors": [],

    "normals": [0,0.75713,-0.65322,0,0.75713,0.65322,0.37855,0.65572,0.65322,0.37855,0.65572,-0.65322,0.65572,0.37855,0.65322,0.65572,0.37855,-0.65322,0.75713,0,0.65322,0.75713,0,-0.65322,0.65572,-0.37855,0.65322,0.65572,-0.37855,-0.65322,0.37855,-0.65572,0.65322,0.37855,-0.65572,-0.65322,0,-0.75713,0.65322,0,-0.75713,-0.65322,-0.37855,-0.65572,-0.65322,-0.37855,-0.65572,0.65322,-0.65572,-0.37855,-0.65322,-0.65572,-0.37855,0.65322,-0.75713,0,-0.65322,-0.75713,0,0.65322,-0.65572,0.37855,-0.65322,-0.37855,0.65572,0.65322,-0.65572,0.37855,0.65322,-0.37855,0.65572,-0.65322,-0.65572,-0.37858,0.65322,0.60424,-0.55376,-0.57289,0.71383,0.11759,-0.69036,0.71383,0.11759,0.69036,-0.72796,-0.67885,0.095828,-0.72796,-0.67885,-0.095828,-0.65575,-0.65304,0.3788,-0.14054,0.020783,0.98984,0.30128,0.44142,0.84518,0.61718,0.32948,0.71447,-0.14054,0.020783,-0.98984,-0.12342,0.12979,-0.98382,0.30128,0.44142,-0.84518,-0.98032,0.14527,0.13355,-0.94424,0.29911,-0.13749,-0.98032,0.14527,-0.13355,0,-0.70708,-0.70708,0.60424,-0.55376,0.57289,0.68319,0.27583,0.67614,0,-0.70708,0.70708,0.09122,0.71767,-0.69036,0.52657,0.69366,0.49144,-0.11667,0.71557,0.68868,-0.11979,0.40461,0.90658,0.50145,0.82449,-0.26212,-0.11539,0.92154,-0.37071,0.51756,0.8533,-0.062746,0.50145,0.82449,0.26212,-0.11542,0.92154,0.37071,-0.11527,0.98877,-0.094821,-0.11527,0.98877,0.094821,0.56578,0.49226,0.66146,-0.12342,0.12979,0.98379,0.52657,0.69366,-0.49144,-0.11664,0.71557,-0.68871,0.56578,0.49226,-0.66146,-0.11976,0.40461,-0.90658,0.61718,0.32948,-0.71447,0.51756,0.8533,0.062746,-0.095889,-0.67882,-0.72799,-0.50932,0.076022,-0.8572,-0.37873,-0.653,-0.65578,-0.85842,0.12754,-0.49681,-0.65575,-0.65304,-0.3788,-0.85842,0.12754,0.49681,-0.37873,-0.653,0.65578,-0.50932,0.076022,0.8572,-0.095889,-0.67882,0.72799,-0.91385,0.40584,0.013001,-0.91372,0.40278,0.053407,-0.7398,0.6505,0.17179,-0.73818,0.67302,0.045351,-0.42073,0.85742,0.29627,-0.41734,0.90539,0.0777,-0.92132,0.37587,0.099368,-0.75579,0.56902,0.32395,-0.4329,0.70794,0.55803,-0.93298,0.33473,0.13208,-0.78185,0.4359,0.44566,-0.45155,0.47069,0.75796,-0.94424,0.29911,0.13749,-0.81121,0.30128,0.50111,-0.46931,0.23527,0.85107,-0.93298,0.33473,-0.13208,-0.78182,0.43617,-0.44551,-0.81118,0.3014,-0.50111,-0.45152,0.4709,-0.75784,-0.46931,0.23539,-0.85107,-0.92129,0.37587,-0.099368,-0.75579,0.56917,-0.32371,-0.43288,0.70806,-0.55788,-0.91372,0.40278,-0.053407,-0.7398,0.6505,-0.17167,-0.42073,0.85745,-0.29621,-0.91385,0.40584,-0.013001,-0.73818,0.67302,-0.045351,-0.41734,0.90539,-0.077731,0.09122,0.71767,0.69036,0.25044,0.69289,0.67614,0.25044,0.69289,-0.67614,0.43278,0.59478,0.67742,0.43278,0.59478,-0.67742,0.57842,0.45439,0.67742,0.57842,0.45439,-0.67742,0.68319,0.27583,-0.67614],

    "colors": [],

    "uvs": [[]],