{

    "metadata" :
    {
        "formatVersion" : 3.1,
        "sourceFile"    : "car.obj",
        "generatedBy"   : "OBJConverter",
        "vertices"      : 132,
        "faces"         : 252,
        "normals"       : 108,
        "colors"        : 0,
        "uvs"           : 0,
        "materials"     : 3
    },

    "scale" : 1.000000,

    "materials": [	{
	"DbgColor" : 15658734,
	"DbgIndex" : 0,
	"DbgName" : "Material.001",
	"colorAmbient" : [0.0, 0.0, 0.0],
	"colorDiffuse" : [0.0, 0.0, 0.0],
	"colorSpecular" : [0.5, 0.5, 0.5],
	"illumination" : 2,
	"opticalDensity" : 1.0,
	"specularCoef" : 96.078431,
	"transparency" : 1.0
	},

	{
	"DbgColor" : 15597568,
	"DbgIndex" : 1,
	"DbgName" : "Material",
	"colorAmbient" : [0.0, 0.0, 0.0],
	"colorDiffuse" : [0.000731, 0.0, 0.64],
	"colorSpecular" : [0.5, 0.48, 0.48],
	"illumination" : 2,
	"opticalDensity" : 1.0,
	"specularCoef" : 96.078431,
	"transparency" : 1.0
	},

	{
	"DbgColor" : 60928,
	"DbgIndex" : 2,
	"DbgName" : "Material.002",
	"colorAmbient" : [0.0, 0.0, 0.0],
	"colorDiffuse" : [0.0, 0.0, 0.0],
	"colorSpecular" : [0.5, 0.5, 0.5],
	"illumination" : 2,
	"opticalDensity" : 1.0,
	"specularCoef" : 96.078431,
	"transparency" : 1.0
	}],

    "vertices": [1.272514,0.400001,-0.811469,1.272514,0.399999,0.811469,1.372514,0.373206,-0.811469,1.372514,0.373205,0.811469,1.445719,0.300001,-0.811469,1.445719,0.299999,0.811469,1.472513,0.200001,-0.811469,1.472513,0.199999,0.811469,1.445719,0.100001,-0.811469,1.445719,0.099999,0.811469,1.372514,0.026795,-0.811469,1.372514,0.026794,0.811469,1.272514,0.000001,-0.811469,1.272514,-0.000001,0.811469,1.172514,0.026795,-0.811469,1.172514,0.026794,0.811469,1.099308,0.100000,-0.811469,1.099308,0.099999,0.811469,1.072514,0.200000,-0.811469,1.072514,0.199999,0.811469,1.099308,0.300000,-0.811469,1.099308,0.299999,0.811469,1.172513,0.373206,-0.811469,1.172513,0.373204,0.811469,-1.027486,0.400001,-0.811469,-1.027486,0.399999,0.811469,-0.927486,0.373206,-0.811469,-0.927486,0.373205,0.811469,-0.854281,0.300001,-0.811469,-0.854281,0.299999,0.811469,-0.827486,0.200001,-0.811469,-0.827486,0.199999,0.811469,-0.854281,0.100001,-0.811469,-0.854281,0.099999,0.811469,-0.927486,0.026795,-0.811469,-0.927486,0.026794,0.811469,-1.027486,0.000001,-0.811469,-1.027486,-0.000001,0.811469,-1.127486,0.026795,-0.811469,-1.127486,0.026794,0.811469,-1.200691,0.100000,-0.811469,-1.200691,0.099999,0.811469,-1.227486,0.200000,-0.811469,-1.227486,0.199999,0.811469,-1.200692,0.300000,-0.811469,-1.200692,0.299999,0.811469,-1.127487,0.373206,-0.811469,-1.127487,0.373204,0.811469,1.828083,0.200000,-0.732483,0.397745,0.200000,-0.732483,0.397745,0.800000,-0.732483,1.828083,0.200000,0.737091,0.397745,0.200000,0.737091,0.397745,0.800000,0.737091,0.172514,1.300000,0.531257,0.265234,1.094166,0.737091,0.179572,1.284332,0.610026,0.199671,1.239713,0.676803,0.229751,1.172935,0.721423,0.264379,1.096064,-0.732483,0.172514,1.300000,-0.528547,0.229224,1.174107,-0.716959,0.199420,1.240269,-0.672751,0.179506,1.284476,-0.606590,-1.727486,0.200000,-0.573837,-1.568841,0.200000,-0.732483,-1.706232,0.200000,-0.653160,-1.648164,0.200000,-0.711228,-1.568841,0.776490,-0.732483,-1.727486,0.800000,-0.573837,-1.647540,0.788153,-0.711228,-1.705608,0.796758,-0.653160,-1.568841,0.200000,0.737091,-1.727486,0.200000,0.578446,-1.648164,0.200000,0.715837,-1.706232,0.200000,0.657768,-1.727486,0.800000,0.578446,-1.568841,0.776490,0.737091,-1.705608,0.796758,0.657768,-1.647540,0.788153,0.715836,-1.472717,1.094166,0.737091,-1.642683,1.079844,0.578446,-1.553613,1.100493,0.714773,-1.615825,1.095250,0.656705,-1.417195,1.300000,0.531257,-1.621977,1.148173,0.514944,-1.502783,1.279536,0.528198,-1.577738,1.223963,0.522227,-1.450066,1.172935,0.721423,-1.631788,1.115795,0.571294,-1.532572,1.171938,0.697537,-1.599087,1.151023,0.642586,-1.432295,1.239713,0.676803,-1.626727,1.132498,0.560134,-1.516537,1.228918,0.656361,-1.587704,1.189674,0.613657,-1.420967,1.284332,0.610026,-1.623842,1.142018,0.545886,-1.506478,1.265730,0.598091,-1.580736,1.213640,0.574614,-1.417195,1.300000,-0.528547,-1.621977,1.148173,-0.512234,-1.502783,1.279536,-0.525488,-1.577738,1.223963,-0.519517,-1.472142,1.096064,-0.732483,-1.642108,1.081741,-0.573837,-1.553038,1.102391,-0.710165,-1.615249,1.097148,-0.652097,-1.420923,1.284476,-0.606590,-1.623798,1.142163,-0.542450,-1.506434,1.265875,-0.594655,-1.580692,1.213784,-0.571178,-1.432127,1.240269,-0.672751,-1.626558,1.133054,-0.556082,-1.516369,1.229474,-0.652309,-1.587536,1.190230,-0.609605,-1.449711,1.174107,-0.716959,-1.631433,1.116967,-0.566831,-1.532217,1.173109,-0.693073,-1.598732,1.152195,-0.638123,1.395882,0.749793,-0.732483,1.815377,0.345482,-0.732483,1.516770,0.724957,-0.732483,1.629116,0.664874,-0.732483,1.721922,0.575428,-0.732483,1.786103,0.465373,-0.732483,1.815377,0.345482,0.737091,1.395882,0.749793,0.737091,1.786103,0.465373,0.737091,1.721922,0.575428,0.737091,1.629116,0.664875,0.737091,1.516770,0.724957,0.737091],

    "morphTargets": [],

    "morphColors": [],

    "normals": [0,0.75713,-0.65322,0,0.75713,0.65322,0.37855,0.65572,0.65322,0.37855,0.65572,-0.65322,0.65572,0.37855,0.65322,0.65572,0.37855,-0.65322,0.75713,0,0.65322,0.75713,0,-0.65322,0.65572,-0.37855,0.65322,0.65572,-0.37855,-0.65322,0.37855,-0.65572,0.65322,0.37855,-0.65572,-0.65322,0,-0.75713,0.65322,0,-0.75713,-0.65322,-0.37855,-0.65572,-0.65322,-0.37855,-0.65572,0.65322,-0.65572,-0.37855,-0.65322,-0.65572,-0.37855,0.65322,-0.75713,0,-0.65322,-0.75713,0,0.65322,-0.65572,0.37855,-0.65322,-0.37855,0.65572,-0.65322,-0.37855,0.65572,0.65322,-0.65572,0.37855,0.65322,0.60424,-0.55376,-0.57289,0.71383,0.11759,-0.69036,0.71383,0.11759,0.69036,-0.14054,0.020783,0.98984,0.30128,0.44142,0.84518,0.61718,0.32948,0.71447,-0.14054,0.020783,-0.98984,-0.12342,0.12979,-0.98382,0.30128,0.44142,-0.84518,-0.98032,0.14527,-0.13355,-0.72796,-0.67885,-0.095828,-0.98032,0.14527,0.13355,0.60424,-0.55376,0.57289,0.68319,0.27583,0.67614,0,-0.70708,0.70708,0,-0.70708,-0.70708,0.09122,0.71767,-0.69036,0.52657,0.69366,0.49144,-0.11667,0.71557,0.68868,-0.11979,0.40461,0.90658,0.50145,0.82449,-0.26212,-0.11539,0.92154,-0.37071,0.51756,0.8533,-0.062746,0.50145,0.82449,0.26212,-0.11542,0.92154,0.37071,-0.11527,0.98877,-0.094821,-0.11527,0.98877,0.094821,0.56578,0.49226,0.66146,-0.12342,0.12979,0.98379,0.52657,0.69366,-0.49144,-0.11664,0.71557,-0.68871,0.56578,0.49226,-0.66146,-0.11976,0.40461,-0.90658,0.61718,0.32948,-0.71447,0.51756,0.8533,0.062746,-0.095889,-0.67882,-0.72799,-0.50932,0.076022,-0.8572,-0.37873,-0.653,-0.65578,-0.85842,0.12754,-0.49681,-0.65575,-0.65304,-0.3788,-0.72796,-0.67885,0.095828,-0.65575,-0.65304,0.3788,-0.85842,0.12754,0.49681,-0.37873,-0.653,0.65578,-0.50932,0.076022,0.8572,-0.095889,-0.67882,0.72799,-0.91385,0.40584,0.013001,-0.91372,0.40278,0.053407,-0.7398,0.6505,0.17179,-0.73818,0.67302,0.045351,-0.42073,0.85742,0.29627,-0.41734,0.90539,0.0777,-0.92132,0.37587,0.099368,-0.75579,0.56902,0.32395,-0.4329,0.70794,0.55803,-0.93298,0.33473,0.13208,-0.78185,0.4359,0.44566,-0.45155,0.47069,0.75796,-0.94424,0.29911,0.13749,-0.81121,0.30128,0.50111,-0.46931,0.23527,0.85107,-0.94424,0.29911,-0.13749,-0.93298,0.33473,-0.13208,-0.78182,0.43617,-0.44551,-0.81118,0.3014,-0.50111,-0.45152,0.4709,-0.75784,-0.46931,0.23539,-0.85107,-0.92129,0.37587,-0.099368,-0.75579,0.56917,-0.32371,-0.43288,0.70806,-0.55788,-0.91372,0.40278,-0.053407,-0.7398,0.6505,-0.17167,-0.42073,0.85745,-0.29621,-0.91385,0.40584,-0.013001,-0.73818,0.67302,-0.045351,-0.41734,0.90539,-0.077731,0.09122,0.71767,0.69036,0.25044,0.69289,0.67614,0.25044,0.69289,-0.67614,0.43278,0.59478,0.67742,0.43278,0.59478,-0.67742,0.57842,0.45439,0.67742,0.57842,0.45439,-0.67742,0.68319,0.27583,-0.67614],

    "colors": [],

    "uvs": [[]],