{

    "metadata" :
    {
        "formatVersion" : 3.1,
        "sourceFile"    : "car.obj",
        "generatedBy"   : "OBJConverter",
        "vertices"      : 132,
        "faces"         : 252,
        "normals"       : 108,
        "colors"        : 0,
        "uvs"           : 0,
        "materials"     : 3
    },

    "scale" : 1.000000,

    "materials": [	{
	"DbgColor" : 15658734,
	"DbgIndex" : 0,
	"DbgName" : "Material.001",
	"colorAmbient" : [0.0, 0.0, 0.0],
	"colorDiffuse" : [0.0, 0.0, 0.0],
	"colorSpecular" : [0.5, 0.5, 0.5],
	"illumination" : 2,
	"opticalDensity" : 1.0,
	"specularCoef" : 96.078431,
	"transparency" : 1.0
	},

	{
	"DbgColor" : 15597568,
	"DbgIndex" : 1,
	"DbgName" : "Material",
	"colorAmbient" : [0.0, 0.0, 0.0],
	"colorDiffuse" : [0.000731, 0.0, 0.64],
	"colorSpecular" : [0.5, 0.48, 0.48],
	"illumination" : 2,
	"opticalDensity" : 1.0,
	"specularCoef" : 96.078431,
	"transparency" : 1.0
	},

	{
	"DbgColor" : 60928,
	"DbgIndex" : 2,
	"DbgName" : "Material.002",
	"colorAmbient" : [0.0, 0.0, 0.0],
	"colorDiffuse" : [0.0, 0.0, 0.0],
	"colorSpecular" : [0.5, 0.5, 0.5],
	"illumination" : 2,
	"opticalDensity" : 1.0,
	"specularCoef" : 96.078431,
	"transparency" : 1.0
	}],

    "vertices": [-0.897368,-0.811469,0.400001,-0.897368,0.811469,0.399999,-0.997368,-0.811469,0.373206,-0.997368,0.811469,0.373205,-1.070573,-0.811469,0.300001,-1.070573,0.811469,0.299999,-1.097368,-0.811469,0.200001,-1.097368,0.811469,0.199999,-1.070573,-0.811469,0.100001,-1.070573,0.811469,0.099999,-0.997368,-0.811469,0.026795,-0.997368,0.811469,0.026794,-0.897368,-0.811469,0.000001,-0.897368,0.811469,-0.000001,-0.797368,-0.811469,0.026795,-0.797368,0.811469,0.026794,-0.724163,-0.811469,0.100000,-0.724163,0.811469,0.099999,-0.697368,-0.811469,0.200000,-0.697368,0.811469,0.199999,-0.724163,-0.811469,0.300000,-0.724163,0.811469,0.299999,-0.797368,-0.811469,0.373206,-0.797368,0.811469,0.373204,1.027486,-0.811469,0.400001,1.027486,0.811469,0.399999,0.927486,-0.811469,0.373206,0.927486,0.811469,0.373205,0.854281,-0.811469,0.300001,0.854281,0.811469,0.299999,0.827486,-0.811469,0.200001,0.827486,0.811469,0.199999,0.854281,-0.811469,0.100001,0.854281,0.811469,0.099999,0.927486,-0.811469,0.026795,0.927486,0.811469,0.026794,1.027486,-0.811469,0.000001,1.027486,0.811469,-0.000001,1.127486,-0.811469,0.026795,1.127486,0.811469,0.026794,1.200691,-0.811469,0.100000,1.200691,0.811469,0.099999,1.227486,-0.811469,0.200000,1.227486,0.811469,0.199999,1.200692,-0.811469,0.300000,1.200692,0.811469,0.299999,1.127487,-0.811469,0.373206,1.127487,0.811469,0.373204,-1.587303,-0.732483,0.200000,-0.605164,-0.732483,0.200000,-0.605164,-0.732483,0.800000,-1.587303,0.737091,0.200000,-0.605164,0.737091,0.200000,-0.605164,0.737091,0.800000,-0.033083,0.531257,1.300000,-0.268590,0.737091,1.094166,-0.051010,0.610026,1.284332,-0.102061,0.676803,1.239713,-0.178466,0.721423,1.172935,-0.266419,-0.732483,1.096064,-0.033083,-0.528547,1.300000,-0.177125,-0.716959,1.174107,-0.101425,-0.672751,1.240269,-0.050845,-0.606590,1.284476,1.727486,-0.573837,0.200000,1.568841,-0.732483,0.200000,1.706232,-0.653160,0.200000,1.648164,-0.711228,0.200000,1.568841,-0.732483,0.776490,1.727486,-0.573837,0.800000,1.647540,-0.711228,0.788153,1.705608,-0.653160,0.796758,1.568841,0.737091,0.200000,1.727486,0.578446,0.200000,1.648164,0.715837,0.200000,1.706232,0.657768,0.200000,1.727486,0.578446,0.800000,1.568841,0.737091,0.776490,1.705608,0.657768,0.796758,1.647540,0.715836,0.788153,1.472717,0.737091,1.094166,1.642683,0.578446,1.079844,1.553613,0.714773,1.100493,1.615825,0.656705,1.095250,1.417195,0.531257,1.300000,1.621977,0.514944,1.148173,1.502783,0.528198,1.279536,1.577738,0.522227,1.223963,1.450066,0.721423,1.172935,1.631788,0.571294,1.115795,1.532572,0.697537,1.171938,1.599087,0.642586,1.151023,1.432295,0.676803,1.239713,1.626727,0.560134,1.132498,1.516537,0.656361,1.228918,1.587704,0.613657,1.189674,1.420967,0.610026,1.284332,1.623842,0.545886,1.142018,1.506478,0.598091,1.265730,1.580736,0.574614,1.213640,1.417195,-0.528547,1.300000,1.621977,-0.512234,1.148173,1.502783,-0.525488,1.279536,1.577738,-0.519517,1.223963,1.472142,-0.732483,1.096064,1.642108,-0.573837,1.081741,1.553038,-0.710165,1.102391,1.615249,-0.652097,1.097148,1.420923,-0.606590,1.284476,1.623798,-0.542450,1.142163,1.506434,-0.594655,1.265875,1.580692,-0.571178,1.213784,1.432127,-0.672751,1.240269,1.626558,-0.556082,1.133054,1.516369,-0.652309,1.229474,1.587536,-0.609605,1.190230,1.449711,-0.716959,1.174107,1.631433,-0.566831,1.116967,1.532217,-0.693073,1.173109,1.598732,-0.638123,1.152195,-1.155102,-0.732483,0.749793,-1.574597,-0.732483,0.345482,-1.275991,-0.732483,0.724957,-1.388336,-0.732483,0.664874,-1.481142,-0.732483,0.575428,-1.545323,-0.732483,0.465373,-1.574597,0.737091,0.345482,-1.155102,0.737091,0.749793,-1.545323,0.737091,0.465373,-1.481142,0.737091,0.575428,-1.388336,0.737091,0.664875,-1.275990,0.737091,0.724957],

    "morphTargets": [],

    "morphColors": [],

    "normals": [0,-0.65322,0.75713,0,0.65322,0.75713,-0.37855,-0.65322,0.65572,-0.37855,0.65322,0.65572,-0.65572,-0.65322,0.37855,-0.65572,0.65322,0.37855,-0.75713,-0.65322,0,-0.75713,0.65322,0,-0.65572,-0.65322,-0.37855,-0.65572,0.65322,-0.37855,-0.37855,-0.65322,-0.65572,-0.37855,0.65322,-0.65572,0,-0.65322,-0.75713,0,0.65322,-0.75713,0.37855,0.65322,-0.65572,0.37855,-0.65322,-0.65572,0.65572,0.65322,-0.37855,0.65572,-0.65322,-0.37855,0.75713,0.65322,0,0.75713,-0.65322,0,0.65572,0.65322,0.37855,0.37855,-0.65322,0.65572,0.37855,0.65322,0.65572,0.65572,-0.65322,0.37855,-0.60424,-0.57289,-0.55376,-0.71383,-0.69036,0.11759,-0.60424,0.57289,-0.55376,0,0.70708,-0.70708,0.095828,-0.72796,-0.67885,0,-0.70708,-0.70708,-0.24461,-0.78356,0.57112,-0.44789,-0.70907,0.54457,-0.24461,0.78356,0.57112,0.14081,0.98978,0.021607,-0.44789,0.70907,0.54457,0.14081,-0.98978,0.021607,0.12821,-0.98242,0.13559,0.91391,-0.012818,0.40568,0.91394,-0.05295,0.40236,0.91391,0.012818,0.40568,0.98028,-0.13385,0.14527,0.72808,-0.096072,-0.6787,0.72808,0.096072,-0.6787,-0.10523,0.69475,0.71148,-0.34922,0.47691,0.80657,0.12333,0.68783,0.71529,0.12796,0.90472,0.40629,-0.31202,-0.26035,0.91369,0.11844,-0.37229,0.9205,-0.32347,-0.060274,0.9443,-0.31202,0.26035,0.91369,0.11844,0.37227,0.9205,0.11554,-0.095065,0.98874,0.11554,0.095035,0.98874,-0.39885,0.64504,0.65175,-0.34922,-0.47691,0.80657,0.12336,-0.68786,0.71526,-0.39885,-0.64504,0.65175,0.12799,-0.90472,0.40626,-0.32347,0.060274,0.9443,0.3788,-0.65572,-0.65307,0.50896,-0.85736,0.07654,0.65599,-0.37864,-0.65288,0.85855,-0.49654,0.1276,0.98028,0.13385,0.14527,0.85855,0.49654,0.1276,0.65599,0.37864,-0.65288,0.50896,0.85736,0.07654,0.3788,0.65572,-0.65307,0.91394,0.05295,0.40236,0.73833,0.044893,0.6729,0.73885,0.17444,0.65084,0.41682,0.077853,0.90561,0.41835,0.30113,0.8569,0.92163,0.098148,0.37541,0.75317,0.3271,0.5707,0.42824,0.56209,0.70754,0.93332,0.12979,0.33473,0.77914,0.4489,0.43748,0.44551,0.76208,0.46977,0.94473,0.137,0.29777,0.81011,0.50267,0.30164,0.46559,0.85192,0.23957,0.12821,0.98242,0.13556,0.94473,-0.137,0.29777,0.93332,-0.12979,0.33473,0.81008,-0.50267,0.3018,0.77908,-0.44874,0.43776,0.46556,-0.85189,0.23972,0.44545,-0.76199,0.46998,0.92163,-0.098148,0.37541,0.75314,-0.32691,0.57085,0.42817,-0.56197,0.70766,0.73888,-0.17435,0.65087,0.41835,-0.3011,0.8569,0.73833,-0.044893,0.6729,0.41682,-0.077853,0.90561,-0.10523,-0.69475,0.71148,-0.25044,-0.67614,0.69289,-0.25044,0.67614,0.69289,-0.43278,-0.67742,0.59478,-0.43278,0.67742,0.59478,-0.57842,-0.67742,0.45439,-0.57842,0.67742,0.45439,-0.68319,-0.67614,0.27583,-0.68319,0.67614,0.27583,-0.71383,0.69036,0.11759,0.095828,0.72796,-0.67885],

    "colors": [],

    "uvs": [[]],